metric, mean, deviation
precision, 1.0, 0.0
recall, 0.47706422018348627, 0.0
f1_score, 0.6459627329192547, 0.0
accuracy, 0.47706422018348627, 0.0
