metric, mean, deviation
precision, 1.0, 0.0
recall, 0.24770642201834864, 0.0
f1_score, 0.39705882352941174, 0.0
accuracy, 0.24770642201834864, 0.0
