metric, mean, deviation
precision, 1.0, 0.0
recall, 0.7064220183486238, 0.0
f1_score, 0.8279569892473119, 0.0
accuracy, 0.7064220183486238, 0.0
