Threshold,Recall
0.6,0.706422018
0.65,0.678899083
0.7,0.596330275
0.75,0.52293578
0.8,0.47706422
0.85,0.359097836
0.9,0.247706422
0.95,0.166809745
