metric, mean, deviation
precision, 1.0, 0.0
recall, 0.7247706422018348, 0.0
f1_score, 0.8404255319148937, 0.0
accuracy, 0.7247706422018348, 0.0
