metric, mean, deviation
precision, 1.0, 0.0
recall, 0.4954128440366973, 0.0
f1_score, 0.6625766871165644, 0.0
accuracy, 0.4954128440366973, 0.0
