metric, mean, deviation
precision, 1.0, 0.0
recall, 0.6146788990825688, 0.0
f1_score, 0.7613636363636362, 0.0
accuracy, 0.6146788990825688, 0.0
