Threshold,Recall
0.6,0.724770642
0.65,0.697247706
0.7,0.614678899
0.75,0.541284404
0.8,0.495412844
0.85,0.360763528
0.9,0.256880734
0.95,0.189283624
